<?xml version="1.0" encoding="UTF-8" standalone="yes"?>
<addon id="repository.saurus" name="SaurusRepo" version="1.0" provider-name="Saurus">
    <extension point="xbmc.addon.repository" name="Example Repository">
        <dir>
            <info compressed="false">https://raw.githubusercontent.com/Fedja96/repository.saurus/master/repo/zips/addons.xml</info>
            <checksum>https://raw.githubusercontent.com/Fedja96/repository.saurus/master/repo/zips/addons.xml.md5</checksum>
            <datadir zip="true">https://raw.githubusercontent.com/Fedja96/repository.saurus/master/repo/zips/</datadir>
        </dir>
    </extension>
    <extension point="xbmc.addon.metadata">
        <summary>Saurus Repo</summary>
        <description>Saurus Repo für Kodi</description>
        <disclaimer></disclaimer>
        <platform>all</platform>
        <assets>
            <icon>icon.png</icon>
            <fanart>fanart.jpg</fanart>
        </assets>
    </extension>
</addon>